broker,pair,trade_date,effective_date,sp_days,long_swap_jpy,short_swap_jpy,unit,swap_currency,status,source,fetched_at
minfx_light,AUD/JPY,2026-08-26,2026-08-27,3,300.0,-300.0,10000,JPY,confirmed,https://min-fx.jp/market/swap/,2026-09-26T23:25:12+09:00
minfx_light,AUD/JPY,2026-08-27,2026-08-28,1,100.0,-100.0,10000,JPY,confirmed,https://min-fx.jp/market/swap/,2026-09-27T10:20:54+09:00
minfx_light,AUD/JPY,2026-08-28,2026-08-31,1,110.0,-110.0,10000,JPY,confirmed,https://min-fx.jp/market/swap/,2026-09-27T10:20:54+09:00
minfx_light,AUD/JPY,2026-08-31,2026-09-01,1,110.0,-110.0,10000,JPY,confirmed,https://min-fx.jp/market/swap/,2026-09-27T10:20:54+09:00
minfx_light,AUD/JPY,2026-09-01,2026-09-02,1,110.0,-110.0,10000,JPY,confirmed,https://min-fx.jp/market/swap/,2026-09-27T10:20:54+09:00
minfx_light,AUD/JPY,2026-09-02,2026-09-03,4,420.0,-420.0,10000,JPY,confirmed,https://min-fx.jp/market/swap/,2026-09-27T10:20:54+09:00
minfx_light,AUD/JPY,2026-09-03,2026-09-04,0,,,10000,JPY,scheduled,https://min-fx.jp/market/swap/,2026-09-27T10:20:54+09:00
minfx_light,AUD/JPY,2026-09-04,2026-09-07,1,100.0,-100.0,10000,JPY,confirmed,https://min-fx.jp/market/swap/,2026-09-27T10:20:54+09:00
minfx_light,AUD/JPY,2026-09-07,2026-09-08,1,100.0,-100.0,10000,JPY,confirmed,https://min-fx.jp/market/swap/,2026-09-27T10:20:54+09:00
minfx_light,AUD/JPY,2026-09-08,2026-09-09,1,97.0,-97.0,10000,JPY,confirmed,https://min-fx.jp/market/swap/,2026-09-27T10:20:54+09:00
minfx_light,AUD/JPY,2026-09-09,2026-09-10,3,276.0,-276.0,10000,JPY,confirmed,https://min-fx.jp/market/swap/,2026-09-27T10:20:54+09:00
minfx_light,AUD/JPY,2026-09-10,2026-09-11,1,93.0,-93.0,10000,JPY,confirmed,https://min-fx.jp/market/swap/,2026-09-27T10:20:54+09:00
minfx_light,AUD/JPY,2026-09-11,2026-09-14,1,96.0,-96.0,10000,JPY,confirmed,https://min-fx.jp/market/swap/,2026-09-27T10:20:54+09:00
minfx_light,AUD/JPY,2026-09-14,2026-09-15,1,96.0,-96.0,10000,JPY,confirmed,https://min-fx.jp/market/swap/,2026-09-27T10:20:54+09:00
minfx_light,AUD/JPY,2026-09-15,2026-09-16,1,96.0,-96.0,10000,JPY,confirmed,https://min-fx.jp/market/swap/,2026-09-27T10:20:54+09:00
minfx_light,AUD/JPY,2026-09-16,2026-09-17,6,576.0,-576.0,10000,JPY,confirmed,https://min-fx.jp/market/swap/,2026-09-27T10:20:54+09:00
minfx_light,AUD/JPY,2026-09-17,2026-09-18,1,98.0,-98.0,10000,JPY,confirmed,https://min-fx.jp/market/swap/,2026-09-27T10:20:54+09:00
minfx_light,AUD/JPY,2026-09-18,2026-09-21,0,,,10000,JPY,scheduled,https://min-fx.jp/market/swap/,2026-09-27T10:20:54+09:00
minfx_light,AUD/JPY,2026-09-21,2026-09-22,0,,,10000,JPY,scheduled,https://min-fx.jp/market/swap/,2026-09-27T10:20:54+09:00
minfx_light,AUD/JPY,2026-09-22,2026-09-23,0,,,10000,JPY,scheduled,https://min-fx.jp/market/swap/,2026-09-27T10:20:54+09:00
minfx_light,AUD/JPY,2026-09-23,2026-09-24,3,282.0,-282.0,10000,JPY,confirmed,https://min-fx.jp/market/swap/,2026-09-27T10:20:54+09:00
minfx_light,AUD/JPY,2026-09-24,2026-09-25,1,90.0,-90.0,10000,JPY,confirmed,https://min-fx.jp/market/swap/,2026-09-27T10:20:54+09:00
minfx_light,AUD/JPY,2026-09-25,2026-09-28,1,90.0,-90.0,10000,JPY,confirmed,https://min-fx.jp/market/swap/,2026-09-26T20:39:52+09:00
minfx_light,CZK/JPY,2026-08-26,2026-08-27,3,15.0,-15.0,10000,JPY,confirmed,https://min-fx.jp/market/swap/,2026-09-26T23:25:12+09:00
minfx_light,CZK/JPY,2026-08-27,2026-08-28,1,5.0,-5.0,10000,JPY,confirmed,https://min-fx.jp/market/swap/,2026-09-27T10:20:54+09:00
minfx_light,CZK/JPY,2026-08-28,2026-08-31,1,5.0,-5.0,10000,JPY,confirmed,https://min-fx.jp/market/swap/,2026-09-27T10:20:54+09:00
minfx_light,CZK/JPY,2026-08-31,2026-09-01,1,5.0,-5.0,10000,JPY,confirmed,https://min-fx.jp/market/swap/,2026-09-27T10:20:54+09:00
minfx_light,CZK/JPY,2026-09-01,2026-09-02,1,5.0,-5.0,10000,JPY,confirmed,https://min-fx.jp/market/swap/,2026-09-27T10:20:54+09:00
minfx_light,CZK/JPY,2026-09-02,2026-09-03,4,20.0,-20.0,10000,JPY,confirmed,https://min-fx.jp/market/swap/,2026-09-27T10:20:54+09:00
minfx_light,CZK/JPY,2026-09-03,2026-09-04,0,,,10000,JPY,scheduled,https://min-fx.jp/market/swap/,2026-09-27T10:20:54+09:00
minfx_light,CZK/JPY,2026-09-04,2026-09-07,1,5.0,-5.0,10000,JPY,confirmed,https://min-fx.jp/market/swap/,2026-09-27T10:20:54+09:00
minfx_light,CZK/JPY,2026-09-07,2026-09-08,1,5.0,-5.0,10000,JPY,confirmed,https://min-fx.jp/market/swap/,2026-09-27T10:20:54+09:00
minfx_light,CZK/JPY,2026-09-08,2026-09-09,1,5.0,-5.0,10000,JPY,confirmed,https://min-fx.jp/market/swap/,2026-09-27T10:20:54+09:00
minfx_light,CZK/JPY,2026-09-09,2026-09-10,3,15.0,-15.0,10000,JPY,confirmed,https://min-fx.jp/market/swap/,2026-09-27T10:20:54+09:00
minfx_light,CZK/JPY,2026-09-10,2026-09-11,1,5.0,-5.0,10000,JPY,confirmed,https://min-fx.jp/market/swap/,2026-09-27T10:20:54+09:00
minfx_light,CZK/JPY,2026-09-11,2026-09-14,1,5.0,-5.0,10000,JPY,confirmed,https://min-fx.jp/market/swap/,2026-09-27T10:20:54+09:00
minfx_light,CZK/JPY,2026-09-14,2026-09-15,1,5.0,-5.0,10000,JPY,confirmed,https://min-fx.jp/market/swap/,2026-09-27T10:20:54+09:00
minfx_light,CZK/JPY,2026-09-15,2026-09-16,1,5.0,-5.0,10000,JPY,confirmed,https://min-fx.jp/market/swap/,2026-09-27T10:20:54+09:00
minfx_light,CZK/JPY,2026-09-16,2026-09-17,6,30.0,-30.0,10000,JPY,confirmed,https://min-fx.jp/market/swap/,2026-09-27T10:20:54+09:00
minfx_light,CZK/JPY,2026-09-17,2026-09-18,1,5.0,-5.0,10000,JPY,confirmed,https://min-fx.jp/market/swap/,2026-09-27T10:20:54+09:00
minfx_light,CZK/JPY,2026-09-18,2026-09-21,0,,,10000,JPY,scheduled,https://min-fx.jp/market/swap/,2026-09-27T10:20:54+09:00
minfx_light,CZK/JPY,2026-09-21,2026-09-22,0,,,10000,JPY,scheduled,https://min-fx.jp/market/swap/,2026-09-27T10:20:54+09:00
minfx_light,CZK/JPY,2026-09-22,2026-09-23,0,,,10000,JPY,scheduled,https://min-fx.jp/market/swap/,2026-09-27T10:20:54+09:00
minfx_light,CZK/JPY,2026-09-23,2026-09-24,4,20.0,-20.0,10000,JPY,confirmed,https://min-fx.jp/market/swap/,2026-09-27T10:20:54+09:00
minfx_light,CZK/JPY,2026-09-24,2026-09-25,1,5.0,-5.0,10000,JPY,confirmed,https://min-fx.jp/market/swap/,2026-09-27T10:20:54+09:00
minfx_light,CZK/JPY,2026-09-25,2026-09-28,0,,,10000,JPY,scheduled,https://min-fx.jp/market/swap/,2026-09-27T10:20:54+09:00
minfx_light,EUR/JPY,2026-08-26,2026-08-27,3,240.0,-240.0,10000,JPY,confirmed,https://min-fx.jp/market/swap/,2026-09-26T23:25:12+09:00
minfx_light,EUR/JPY,2026-08-27,2026-08-28,1,80.0,-80.0,10000,JPY,confirmed,https://min-fx.jp/market/swap/,2026-09-27T10:20:54+09:00
minfx_light,EUR/JPY,2026-08-28,2026-08-31,1,80.0,-80.0,10000,JPY,confirmed,https://min-fx.jp/market/swap/,2026-09-27T10:20:54+09:00
minfx_light,EUR/JPY,2026-08-31,2026-09-01,1,80.0,-80.0,10000,JPY,confirmed,https://min-fx.jp/market/swap/,2026-09-27T10:20:54+09:00
minfx_light,EUR/JPY,2026-09-01,2026-09-02,1,80.0,-80.0,10000,JPY,confirmed,https://min-fx.jp/market/swap/,2026-09-27T10:20:54+09:00
minfx_light,EUR/JPY,2026-09-02,2026-09-03,4,320.0,-320.0,10000,JPY,confirmed,https://min-fx.jp/market/swap/,2026-09-27T10:20:54+09:00
minfx_light,EUR/JPY,2026-09-03,2026-09-04,0,,,10000,JPY,scheduled,https://min-fx.jp/market/swap/,2026-09-27T10:20:54+09:00
minfx_light,EUR/JPY,2026-09-04,2026-09-07,1,75.0,-75.0,10000,JPY,confirmed,https://min-fx.jp/market/swap/,2026-09-27T10:20:54+09:00
minfx_light,EUR/JPY,2026-09-07,2026-09-08,1,70.0,-70.0,10000,JPY,confirmed,https://min-fx.jp/market/swap/,2026-09-27T10:20:54+09:00
minfx_light,EUR/JPY,2026-09-08,2026-09-09,1,70.0,-70.0,10000,JPY,confirmed,https://min-fx.jp/market/swap/,2026-09-27T10:20:54+09:00
minfx_light,EUR/JPY,2026-09-09,2026-09-10,3,210.0,-210.0,10000,JPY,confirmed,https://min-fx.jp/market/swap/,2026-09-27T10:20:54+09:00
minfx_light,EUR/JPY,2026-09-10,2026-09-11,1,70.0,-70.0,10000,JPY,confirmed,https://min-fx.jp/market/swap/,2026-09-27T10:20:54+09:00
minfx_light,EUR/JPY,2026-09-11,2026-09-14,1,70.0,-70.0,10000,JPY,confirmed,https://min-fx.jp/market/swap/,2026-09-27T10:20:54+09:00
minfx_light,EUR/JPY,2026-09-14,2026-09-15,1,70.0,-70.0,10000,JPY,confirmed,https://min-fx.jp/market/swap/,2026-09-27T10:20:54+09:00
minfx_light,EUR/JPY,2026-09-15,2026-09-16,1,70.0,-70.0,10000,JPY,confirmed,https://min-fx.jp/market/swap/,2026-09-27T10:20:54+09:00
minfx_light,EUR/JPY,2026-09-16,2026-09-17,6,420.0,-420.0,10000,JPY,confirmed,https://min-fx.jp/market/swap/,2026-09-27T10:20:54+09:00
minfx_light,EUR/JPY,2026-09-17,2026-09-18,1,70.0,-70.0,10000,JPY,confirmed,https://min-fx.jp/market/swap/,2026-09-27T10:20:54+09:00
minfx_light,EUR/JPY,2026-09-18,2026-09-21,0,,,10000,JPY,scheduled,https://min-fx.jp/market/swap/,2026-09-27T10:20:54+09:00
minfx_light,EUR/JPY,2026-09-21,2026-09-22,0,,,10000,JPY,scheduled,https://min-fx.jp/market/swap/,2026-09-27T10:20:54+09:00
minfx_light,EUR/JPY,2026-09-22,2026-09-23,0,,,10000,JPY,scheduled,https://min-fx.jp/market/swap/,2026-09-27T10:20:54+09:00
minfx_light,EUR/JPY,2026-09-23,2026-09-24,3,210.0,-210.0,10000,JPY,confirmed,https://min-fx.jp/market/swap/,2026-09-27T10:20:54+09:00
minfx_light,EUR/JPY,2026-09-24,2026-09-25,1,70.0,-70.0,10000,JPY,confirmed,https://min-fx.jp/market/swap/,2026-09-27T10:20:54+09:00
minfx_light,EUR/JPY,2026-09-25,2026-09-28,1,70.0,-70.0,10000,JPY,confirmed,https://min-fx.jp/market/swap/,2026-09-26T20:39:52+09:00
minfx_light,EUR/USD,2026-08-26,2026-08-27,3,-210.3,210.2,10000,JPY,confirmed,https://min-fx.jp/market/swap/,2026-09-26T23:25:12+09:00
minfx_light,EUR/USD,2026-08-27,2026-08-28,1,-70.2,70.1,10000,JPY,confirmed,https://min-fx.jp/market/swap/,2026-09-27T10:20:54+09:00
minfx_light,EUR/USD,2026-08-28,2026-08-31,1,-70.5,70.4,10000,JPY,confirmed,https://min-fx.jp/market/swap/,2026-09-27T10:20:54+09:00
minfx_light,EUR/USD,2026-08-31,2026-09-01,1,-70.3,70.2,10000,JPY,confirmed,https://min-fx.jp/market/swap/,2026-09-27T10:20:54+09:00
minfx_light,EUR/USD,2026-09-01,2026-09-02,1,-70.5,70.4,10000,JPY,confirmed,https://min-fx.jp/market/swap/,2026-09-27T10:20:54+09:00
minfx_light,EUR/USD,2026-09-02,2026-09-03,4,-279.4,279.3,10000,JPY,confirmed,https://min-fx.jp/market/swap/,2026-09-27T10:20:54+09:00
minfx_light,EUR/USD,2026-09-03,2026-09-04,0,,,10000,JPY,scheduled,https://min-fx.jp/market/swap/,2026-09-27T10:20:54+09:00
minfx_light,EUR/USD,2026-09-04,2026-09-07,1,-68.8,68.7,10000,JPY,confirmed,https://min-fx.jp/market/swap/,2026-09-27T10:20:54+09:00
minfx_light,EUR/USD,2026-09-07,2026-09-08,1,-68.0,67.9,10000,JPY,confirmed,https://min-fx.jp/market/swap/,2026-09-27T10:20:54+09:00
minfx_light,EUR/USD,2026-09-08,2026-09-09,1,-67.8,67.7,10000,JPY,confirmed,https://min-fx.jp/market/swap/,2026-09-27T10:20:54+09:00
minfx_light,EUR/USD,2026-09-09,2026-09-10,3,-202.8,202.7,10000,JPY,confirmed,https://min-fx.jp/market/swap/,2026-09-27T10:20:54+09:00
minfx_light,EUR/USD,2026-09-10,2026-09-11,1,-68.0,67.9,10000,JPY,confirmed,https://min-fx.jp/market/swap/,2026-09-27T10:20:54+09:00
minfx_light,EUR/USD,2026-09-11,2026-09-14,1,-67.7,67.6,10000,JPY,confirmed,https://min-fx.jp/market/swap/,2026-09-27T10:20:54+09:00
minfx_light,EUR/USD,2026-09-14,2026-09-15,1,-68.0,67.9,10000,JPY,confirmed,https://min-fx.jp/market/swap/,2026-09-27T10:20:54+09:00
minfx_light,EUR/USD,2026-09-15,2026-09-16,1,-68.3,68.2,10000,JPY,confirmed,https://min-fx.jp/market/swap/,2026-09-27T10:20:54+09:00
minfx_light,EUR/USD,2026-09-16,2026-09-17,3,-206.4,206.3,10000,JPY,confirmed,https://min-fx.jp/market/swap/,2026-09-27T10:20:54+09:00
minfx_light,EUR/USD,2026-09-17,2026-09-18,1,-68.7,68.6,10000,JPY,confirmed,https://min-fx.jp/market/swap/,2026-09-27T10:20:54+09:00
minfx_light,EUR/USD,2026-09-18,2026-09-21,1,-69.1,69.0,10000,JPY,confirmed,https://min-fx.jp/market/swap/,2026-09-27T10:20:54+09:00
minfx_light,EUR/USD,2026-09-21,2026-09-22,1,-69.3,69.2,10000,JPY,confirmed,https://min-fx.jp/market/swap/,2026-09-27T10:20:54+09:00
minfx_light,EUR/USD,2026-09-22,2026-09-23,1,-69.3,69.2,10000,JPY,confirmed,https://min-fx.jp/market/swap/,2026-09-27T10:20:54+09:00
minfx_light,EUR/USD,2026-09-23,2026-09-24,3,-209.1,209.0,10000,JPY,confirmed,https://min-fx.jp/market/swap/,2026-09-27T10:20:54+09:00
minfx_light,EUR/USD,2026-09-24,2026-09-25,1,-70.0,69.9,10000,JPY,confirmed,https://min-fx.jp/market/swap/,2026-09-27T10:20:54+09:00
minfx_light,EUR/USD,2026-09-25,2026-09-28,1,-69.3,69.2,10000,JPY,confirmed,https://min-fx.jp/market/swap/,2026-09-26T20:39:52+09:00
minfx_light,GBP/JPY,2026-08-26,2026-08-27,4,640.0,-640.0,10000,JPY,confirmed,https://min-fx.jp/market/swap/,2026-09-26T23:25:12+09:00
minfx_light,GBP/JPY,2026-08-27,2026-08-28,1,165.0,-165.0,10000,JPY,confirmed,https://min-fx.jp/market/swap/,2026-09-27T10:20:54+09:00
minfx_light,GBP/JPY,2026-08-28,2026-08-31,0,,,10000,JPY,scheduled,https://min-fx.jp/market/swap/,2026-09-27T10:20:54+09:00
minfx_light,GBP/JPY,2026-08-31,2026-09-01,1,165.0,-165.0,10000,JPY,confirmed,https://min-fx.jp/market/swap/,2026-09-27T10:20:54+09:00
minfx_light,GBP/JPY,2026-09-01,2026-09-02,1,162.0,-162.0,10000,JPY,confirmed,https://min-fx.jp/market/swap/,2026-09-27T10:20:54+09:00
minfx_light,GBP/JPY,2026-09-02,2026-09-03,4,648.0,-648.0,10000,JPY,confirmed,https://min-fx.jp/market/swap/,2026-09-27T10:20:54+09:00
minfx_light,GBP/JPY,2026-09-03,2026-09-04,0,,,10000,JPY,scheduled,https://min-fx.jp/market/swap/,2026-09-27T10:20:54+09:00
minfx_light,GBP/JPY,2026-09-04,2026-09-07,1,160.0,-160.0,10000,JPY,confirmed,https://min-fx.jp/market/swap/,2026-09-27T10:20:54+09:00
minfx_light,GBP/JPY,2026-09-07,2026-09-08,1,160.0,-160.0,10000,JPY,confirmed,https://min-fx.jp/market/swap/,2026-09-27T10:20:54+09:00
minfx_light,GBP/JPY,2026-09-08,2026-09-09,1,157.0,-157.0,10000,JPY,confirmed,https://min-fx.jp/market/swap/,2026-09-27T10:20:54+09:00
minfx_light,GBP/JPY,2026-09-09,2026-09-10,3,465.0,-465.0,10000,JPY,confirmed,https://min-fx.jp/market/swap/,2026-09-27T10:20:54+09:00
minfx_light,GBP/JPY,2026-09-10,2026-09-11,1,155.0,-155.0,10000,JPY,confirmed,https://min-fx.jp/market/swap/,2026-09-27T10:20:54+09:00
minfx_light,GBP/JPY,2026-09-11,2026-09-14,1,155.0,-155.0,10000,JPY,confirmed,https://min-fx.jp/market/swap/,2026-09-27T10:20:54+09:00
minfx_light,GBP/JPY,2026-09-14,2026-09-15,1,156.0,-156.0,10000,JPY,confirmed,https://min-fx.jp/market/swap/,2026-09-27T10:20:54+09:00
minfx_light,GBP/JPY,2026-09-15,2026-09-16,1,156.0,-156.0,10000,JPY,confirmed,https://min-fx.jp/market/swap/,2026-09-27T10:20:54+09:00
minfx_light,GBP/JPY,2026-09-16,2026-09-17,6,936.0,-936.0,10000,JPY,confirmed,https://min-fx.jp/market/swap/,2026-09-27T10:20:54+09:00
minfx_light,GBP/JPY,2026-09-17,2026-09-18,1,156.0,-156.0,10000,JPY,confirmed,https://min-fx.jp/market/swap/,2026-09-27T10:20:54+09:00
minfx_light,GBP/JPY,2026-09-18,2026-09-21,0,,,10000,JPY,scheduled,https://min-fx.jp/market/swap/,2026-09-27T10:20:54+09:00
minfx_light,GBP/JPY,2026-09-21,2026-09-22,0,,,10000,JPY,scheduled,https://min-fx.jp/market/swap/,2026-09-27T10:20:54+09:00
minfx_light,GBP/JPY,2026-09-22,2026-09-23,0,,,10000,JPY,scheduled,https://min-fx.jp/market/swap/,2026-09-27T10:20:54+09:00
minfx_light,GBP/JPY,2026-09-23,2026-09-24,3,441.0,-441.0,10000,JPY,confirmed,https://min-fx.jp/market/swap/,2026-09-27T10:20:54+09:00
minfx_light,GBP/JPY,2026-09-24,2026-09-25,1,147.0,-147.0,10000,JPY,confirmed,https://min-fx.jp/market/swap/,2026-09-27T10:20:54+09:00
minfx_light,GBP/JPY,2026-09-25,2026-09-28,1,145.0,-145.0,10000,JPY,confirmed,https://min-fx.jp/market/swap/,2026-09-26T20:39:52+09:00
minfx_light,GBP/USD,2026-08-26,2026-08-27,4,0.0,0.0,10000,JPY,confirmed,https://min-fx.jp/market/swap/,2026-09-26T23:25:12+09:00
minfx_light,GBP/USD,2026-08-27,2026-08-28,1,0.0,0.0,10000,JPY,confirmed,https://min-fx.jp/market/swap/,2026-09-27T10:20:54+09:00
minfx_light,GBP/USD,2026-08-28,2026-08-31,0,,,10000,JPY,scheduled,https://min-fx.jp/market/swap/,2026-09-27T10:20:54+09:00
minfx_light,GBP/USD,2026-08-31,2026-09-01,1,0.0,0.0,10000,JPY,confirmed,https://min-fx.jp/market/swap/,2026-09-27T10:20:54+09:00
minfx_light,GBP/USD,2026-09-01,2026-09-02,1,1.6,1.6,10000,JPY,confirmed,https://min-fx.jp/market/swap/,2026-09-27T10:20:54+09:00
minfx_light,GBP/USD,2026-09-02,2026-09-03,4,6.3,6.3,10000,JPY,confirmed,https://min-fx.jp/market/swap/,2026-09-27T10:20:54+09:00
minfx_light,GBP/USD,2026-09-03,2026-09-04,0,,,10000,JPY,scheduled,https://min-fx.jp/market/swap/,2026-09-27T10:20:54+09:00
minfx_light,GBP/USD,2026-09-04,2026-09-07,1,3.1,3.1,10000,JPY,confirmed,https://min-fx.jp/market/swap/,2026-09-27T10:20:54+09:00
minfx_light,GBP/USD,2026-09-07,2026-09-08,1,3.0,3.0,10000,JPY,confirmed,https://min-fx.jp/market/swap/,2026-09-27T10:20:54+09:00
minfx_light,GBP/USD,2026-09-08,2026-09-09,1,4.6,4.6,10000,JPY,confirmed,https://min-fx.jp/market/swap/,2026-09-27T10:20:54+09:00
minfx_light,GBP/USD,2026-09-09,2026-09-10,3,13.8,13.8,10000,JPY,confirmed,https://min-fx.jp/market/swap/,2026-09-27T10:20:54+09:00
minfx_light,GBP/USD,2026-09-10,2026-09-11,1,4.6,4.6,10000,JPY,confirmed,https://min-fx.jp/market/swap/,2026-09-27T10:20:54+09:00
minfx_light,GBP/USD,2026-09-11,2026-09-14,1,4.6,4.6,10000,JPY,confirmed,https://min-fx.jp/market/swap/,2026-09-27T10:20:54+09:00
minfx_light,GBP/USD,2026-09-14,2026-09-15,1,4.6,4.6,10000,JPY,confirmed,https://min-fx.jp/market/swap/,2026-09-27T10:20:54+09:00
minfx_light,GBP/USD,2026-09-15,2026-09-16,1,4.6,4.6,10000,JPY,confirmed,https://min-fx.jp/market/swap/,2026-09-27T10:20:54+09:00
minfx_light,GBP/USD,2026-09-16,2026-09-17,3,9.3,9.3,10000,JPY,confirmed,https://min-fx.jp/market/swap/,2026-09-27T10:20:54+09:00
minfx_light,GBP/USD,2026-09-17,2026-09-18,1,3.1,3.1,10000,JPY,confirmed,https://min-fx.jp/market/swap/,2026-09-27T10:20:54+09:00
minfx_light,GBP/USD,2026-09-18,2026-09-21,1,3.1,3.1,10000,JPY,confirmed,https://min-fx.jp/market/swap/,2026-09-27T10:20:54+09:00
minfx_light,GBP/USD,2026-09-21,2026-09-22,1,3.1,3.1,10000,JPY,confirmed,https://min-fx.jp/market/swap/,2026-09-27T10:20:54+09:00
minfx_light,GBP/USD,2026-09-22,2026-09-23,1,3.1,3.1,10000,JPY,confirmed,https://min-fx.jp/market/swap/,2026-09-27T10:20:54+09:00
minfx_light,GBP/USD,2026-09-23,2026-09-24,3,9.5,9.5,10000,JPY,confirmed,https://min-fx.jp/market/swap/,2026-09-27T10:20:54+09:00
minfx_light,GBP/USD,2026-09-24,2026-09-25,1,3.1,3.1,10000,JPY,confirmed,https://min-fx.jp/market/swap/,2026-09-27T10:20:54+09:00
minfx_light,GBP/USD,2026-09-25,2026-09-28,1,3.1,3.1,10000,JPY,confirmed,https://min-fx.jp/market/swap/,2026-09-26T20:39:52+09:00
minfx_light,HUF/JPY,2026-08-26,2026-08-27,3,21.0,-21.0,100000,JPY,confirmed,https://min-fx.jp/market/swap/,2026-09-26T23:25:12+09:00
minfx_light,HUF/JPY,2026-08-27,2026-08-28,1,7.0,-7.0,100000,JPY,confirmed,https://min-fx.jp/market/swap/,2026-09-27T10:20:54+09:00
minfx_light,HUF/JPY,2026-08-28,2026-08-31,1,7.0,-7.0,100000,JPY,confirmed,https://min-fx.jp/market/swap/,2026-09-27T10:20:54+09:00
minfx_light,HUF/JPY,2026-08-31,2026-09-01,1,7.0,-7.0,100000,JPY,confirmed,https://min-fx.jp/market/swap/,2026-09-27T10:20:54+09:00
minfx_light,HUF/JPY,2026-09-01,2026-09-02,1,7.0,-7.0,100000,JPY,confirmed,https://min-fx.jp/market/swap/,2026-09-27T10:20:54+09:00
minfx_light,HUF/JPY,2026-09-02,2026-09-03,4,28.0,-28.0,100000,JPY,confirmed,https://min-fx.jp/market/swap/,2026-09-27T10:20:54+09:00
minfx_light,HUF/JPY,2026-09-03,2026-09-04,0,,,100000,JPY,scheduled,https://min-fx.jp/market/swap/,2026-09-27T10:20:54+09:00
minfx_light,HUF/JPY,2026-09-04,2026-09-07,1,7.0,-7.0,100000,JPY,confirmed,https://min-fx.jp/market/swap/,2026-09-27T10:20:54+09:00
minfx_light,HUF/JPY,2026-09-07,2026-09-08,1,7.0,-7.0,100000,JPY,confirmed,https://min-fx.jp/market/swap/,2026-09-27T10:20:54+09:00
minfx_light,HUF/JPY,2026-09-08,2026-09-09,1,7.0,-7.0,100000,JPY,confirmed,https://min-fx.jp/market/swap/,2026-09-27T10:20:54+09:00
minfx_light,HUF/JPY,2026-09-09,2026-09-10,3,21.0,-21.0,100000,JPY,confirmed,https://min-fx.jp/market/swap/,2026-09-27T10:20:54+09:00
minfx_light,HUF/JPY,2026-09-10,2026-09-11,1,7.0,-7.0,100000,JPY,confirmed,https://min-fx.jp/market/swap/,2026-09-27T10:20:54+09:00
minfx_light,HUF/JPY,2026-09-11,2026-09-14,1,7.0,-7.0,100000,JPY,confirmed,https://min-fx.jp/market/swap/,2026-09-27T10:20:54+09:00
minfx_light,HUF/JPY,2026-09-14,2026-09-15,1,7.0,-7.0,100000,JPY,confirmed,https://min-fx.jp/market/swap/,2026-09-27T10:20:54+09:00
minfx_light,HUF/JPY,2026-09-15,2026-09-16,1,7.0,-7.0,100000,JPY,confirmed,https://min-fx.jp/market/swap/,2026-09-27T10:20:54+09:00
minfx_light,HUF/JPY,2026-09-16,2026-09-17,6,42.0,-42.0,100000,JPY,confirmed,https://min-fx.jp/market/swap/,2026-09-27T10:20:54+09:00
minfx_light,HUF/JPY,2026-09-17,2026-09-18,1,7.0,-7.0,100000,JPY,confirmed,https://min-fx.jp/market/swap/,2026-09-27T10:20:54+09:00
minfx_light,HUF/JPY,2026-09-18,2026-09-21,0,,,100000,JPY,scheduled,https://min-fx.jp/market/swap/,2026-09-27T10:20:54+09:00
minfx_light,HUF/JPY,2026-09-21,2026-09-22,0,,,100000,JPY,scheduled,https://min-fx.jp/market/swap/,2026-09-27T10:20:54+09:00
minfx_light,HUF/JPY,2026-09-22,2026-09-23,0,,,100000,JPY,scheduled,https://min-fx.jp/market/swap/,2026-09-27T10:20:54+09:00
minfx_light,HUF/JPY,2026-09-23,2026-09-24,3,21.0,-21.0,100000,JPY,confirmed,https://min-fx.jp/market/swap/,2026-09-27T10:20:54+09:00
minfx_light,HUF/JPY,2026-09-24,2026-09-25,1,7.0,-7.0,100000,JPY,confirmed,https://min-fx.jp/market/swap/,2026-09-27T10:20:54+09:00
minfx_light,HUF/JPY,2026-09-25,2026-09-28,1,7.0,-7.0,100000,JPY,confirmed,https://min-fx.jp/market/swap/,2026-09-26T20:39:52+09:00
minfx_light,MXN/JPY,2026-08-26,2026-08-27,3,45.3,-45.3,10000,JPY,confirmed,https://min-fx.jp/market/swap/,2026-09-26T23:25:12+09:00
minfx_light,MXN/JPY,2026-08-27,2026-08-28,1,15.1,-15.1,10000,JPY,confirmed,https://min-fx.jp/market/swap/,2026-09-27T10:20:54+09:00
minfx_light,MXN/JPY,2026-08-28,2026-08-31,1,15.1,-15.1,10000,JPY,confirmed,https://min-fx.jp/market/swap/,2026-09-27T10:20:54+09:00
minfx_light,MXN/JPY,2026-08-31,2026-09-01,1,15.1,-15.1,10000,JPY,confirmed,https://min-fx.jp/market/swap/,2026-09-27T10:20:54+09:00
minfx_light,MXN/JPY,2026-09-01,2026-09-02,1,15.1,-15.1,10000,JPY,confirmed,https://min-fx.jp/market/swap/,2026-09-27T10:20:54+09:00
minfx_light,MXN/JPY,2026-09-02,2026-09-03,4,60.4,-60.4,10000,JPY,confirmed,https://min-fx.jp/market/swap/,2026-09-27T10:20:54+09:00
minfx_light,MXN/JPY,2026-09-03,2026-09-04,1,15.1,-15.1,10000,JPY,confirmed,https://min-fx.jp/market/swap/,2026-09-27T10:20:54+09:00
minfx_light,MXN/JPY,2026-09-04,2026-09-07,0,,,10000,JPY,scheduled,https://min-fx.jp/market/swap/,2026-09-27T10:20:54+09:00
minfx_light,MXN/JPY,2026-09-07,2026-09-08,1,15.1,-15.1,10000,JPY,confirmed,https://min-fx.jp/market/swap/,2026-09-27T10:20:54+09:00
minfx_light,MXN/JPY,2026-09-08,2026-09-09,1,15.1,-15.1,10000,JPY,confirmed,https://min-fx.jp/market/swap/,2026-09-27T10:20:54+09:00
minfx_light,MXN/JPY,2026-09-09,2026-09-10,3,45.3,-45.3,10000,JPY,confirmed,https://min-fx.jp/market/swap/,2026-09-27T10:20:54+09:00
minfx_light,MXN/JPY,2026-09-10,2026-09-11,1,15.1,-15.1,10000,JPY,confirmed,https://min-fx.jp/market/swap/,2026-09-27T10:20:54+09:00
minfx_light,MXN/JPY,2026-09-11,2026-09-14,2,30.4,-30.4,10000,JPY,confirmed,https://min-fx.jp/market/swap/,2026-09-27T10:20:54+09:00
minfx_light,MXN/JPY,2026-09-14,2026-09-15,1,15.3,-15.3,10000,JPY,confirmed,https://min-fx.jp/market/swap/,2026-09-27T10:20:54+09:00
minfx_light,MXN/JPY,2026-09-15,2026-09-16,0,,,10000,JPY,scheduled,https://min-fx.jp/market/swap/,2026-09-27T10:20:54+09:00
minfx_light,MXN/JPY,2026-09-16,2026-09-17,6,91.8,-91.8,10000,JPY,confirmed,https://min-fx.jp/market/swap/,2026-09-27T10:20:54+09:00
minfx_light,MXN/JPY,2026-09-17,2026-09-18,1,15.3,-15.3,10000,JPY,confirmed,https://min-fx.jp/market/swap/,2026-09-27T10:20:54+09:00
minfx_light,MXN/JPY,2026-09-18,2026-09-21,0,,,10000,JPY,scheduled,https://min-fx.jp/market/swap/,2026-09-27T10:20:54+09:00
minfx_light,MXN/JPY,2026-09-21,2026-09-22,0,,,10000,JPY,scheduled,https://min-fx.jp/market/swap/,2026-09-27T10:20:54+09:00
minfx_light,MXN/JPY,2026-09-22,2026-09-23,0,,,10000,JPY,scheduled,https://min-fx.jp/market/swap/,2026-09-27T10:20:54+09:00
minfx_light,MXN/JPY,2026-09-23,2026-09-24,3,42.9,-42.9,10000,JPY,confirmed,https://min-fx.jp/market/swap/,2026-09-27T10:20:54+09:00
minfx_light,MXN/JPY,2026-09-24,2026-09-25,1,14.3,-14.3,10000,JPY,confirmed,https://min-fx.jp/market/swap/,2026-09-27T10:20:54+09:00
minfx_light,MXN/JPY,2026-09-25,2026-09-28,1,14.3,-14.3,10000,JPY,confirmed,https://min-fx.jp/market/swap/,2026-09-26T20:39:52+09:00
minfx_light,NZD/JPY,2026-08-26,2026-08-27,3,135.0,-135.0,10000,JPY,confirmed,https://min-fx.jp/market/swap/,2026-09-26T23:25:12+09:00
minfx_light,NZD/JPY,2026-08-27,2026-08-28,1,45.0,-45.0,10000,JPY,confirmed,https://min-fx.jp/market/swap/,2026-09-27T10:20:54+09:00
minfx_light,NZD/JPY,2026-08-28,2026-08-31,1,49.0,-49.0,10000,JPY,confirmed,https://min-fx.jp/market/swap/,2026-09-27T10:20:54+09:00
minfx_light,NZD/JPY,2026-08-31,2026-09-01,1,45.0,-45.0,10000,JPY,confirmed,https://min-fx.jp/market/swap/,2026-09-27T10:20:54+09:00
minfx_light,NZD/JPY,2026-09-01,2026-09-02,1,45.0,-45.0,10000,JPY,confirmed,https://min-fx.jp/market/swap/,2026-09-27T10:20:54+09:00
minfx_light,NZD/JPY,2026-09-02,2026-09-03,4,180.0,-180.0,10000,JPY,confirmed,https://min-fx.jp/market/swap/,2026-09-27T10:20:54+09:00
minfx_light,NZD/JPY,2026-09-03,2026-09-04,0,,,10000,JPY,scheduled,https://min-fx.jp/market/swap/,2026-09-27T10:20:54+09:00
minfx_light,NZD/JPY,2026-09-04,2026-09-07,1,45.0,-45.0,10000,JPY,confirmed,https://min-fx.jp/market/swap/,2026-09-27T10:20:54+09:00
minfx_light,NZD/JPY,2026-09-07,2026-09-08,1,45.0,-45.0,10000,JPY,confirmed,https://min-fx.jp/market/swap/,2026-09-27T10:20:54+09:00
minfx_light,NZD/JPY,2026-09-08,2026-09-09,1,45.0,-45.0,10000,JPY,confirmed,https://min-fx.jp/market/swap/,2026-09-27T10:20:54+09:00
minfx_light,NZD/JPY,2026-09-09,2026-09-10,3,135.0,-135.0,10000,JPY,confirmed,https://min-fx.jp/market/swap/,2026-09-27T10:20:54+09:00
minfx_light,NZD/JPY,2026-09-10,2026-09-11,1,43.0,-43.0,10000,JPY,confirmed,https://min-fx.jp/market/swap/,2026-09-27T10:20:54+09:00
minfx_light,NZD/JPY,2026-09-11,2026-09-14,1,43.0,-43.0,10000,JPY,confirmed,https://min-fx.jp/market/swap/,2026-09-27T10:20:54+09:00
minfx_light,NZD/JPY,2026-09-14,2026-09-15,1,43.0,-43.0,10000,JPY,confirmed,https://min-fx.jp/market/swap/,2026-09-27T10:20:54+09:00
minfx_light,NZD/JPY,2026-09-15,2026-09-16,1,43.0,-43.0,10000,JPY,confirmed,https://min-fx.jp/market/swap/,2026-09-27T10:20:54+09:00
minfx_light,NZD/JPY,2026-09-16,2026-09-17,6,240.0,-240.0,10000,JPY,confirmed,https://min-fx.jp/market/swap/,2026-09-27T10:20:54+09:00
minfx_light,NZD/JPY,2026-09-17,2026-09-18,1,40.0,-40.0,10000,JPY,confirmed,https://min-fx.jp/market/swap/,2026-09-27T10:20:54+09:00
minfx_light,NZD/JPY,2026-09-18,2026-09-21,0,,,10000,JPY,scheduled,https://min-fx.jp/market/swap/,2026-09-27T10:20:54+09:00
minfx_light,NZD/JPY,2026-09-21,2026-09-22,0,,,10000,JPY,scheduled,https://min-fx.jp/market/swap/,2026-09-27T10:20:54+09:00
minfx_light,NZD/JPY,2026-09-22,2026-09-23,0,,,10000,JPY,scheduled,https://min-fx.jp/market/swap/,2026-09-27T10:20:54+09:00
minfx_light,NZD/JPY,2026-09-23,2026-09-24,3,96.0,-96.0,10000,JPY,confirmed,https://min-fx.jp/market/swap/,2026-09-27T10:20:54+09:00
minfx_light,NZD/JPY,2026-09-24,2026-09-25,1,32.0,-32.0,10000,JPY,confirmed,https://min-fx.jp/market/swap/,2026-09-27T10:20:54+09:00
minfx_light,NZD/JPY,2026-09-25,2026-09-28,1,32.0,-32.0,10000,JPY,confirmed,https://min-fx.jp/market/swap/,2026-09-26T20:39:52+09:00
minfx_light,TRY/JPY,2026-08-26,2026-08-27,3,69.9,-69.9,10000,JPY,confirmed,https://min-fx.jp/market/swap/,2026-09-26T23:25:12+09:00
minfx_light,TRY/JPY,2026-08-27,2026-08-28,1,23.3,-23.3,10000,JPY,confirmed,https://min-fx.jp/market/swap/,2026-09-27T10:20:54+09:00
minfx_light,TRY/JPY,2026-08-28,2026-08-31,1,23.3,-23.3,10000,JPY,confirmed,https://min-fx.jp/market/swap/,2026-09-27T10:20:54+09:00
minfx_light,TRY/JPY,2026-08-31,2026-09-01,1,23.3,-23.3,10000,JPY,confirmed,https://min-fx.jp/market/swap/,2026-09-27T10:20:54+09:00
minfx_light,TRY/JPY,2026-09-01,2026-09-02,1,23.3,-23.3,10000,JPY,confirmed,https://min-fx.jp/market/swap/,2026-09-27T10:20:54+09:00
minfx_light,TRY/JPY,2026-09-02,2026-09-03,4,93.2,-93.2,10000,JPY,confirmed,https://min-fx.jp/market/swap/,2026-09-27T10:20:54+09:00
minfx_light,TRY/JPY,2026-09-03,2026-09-04,0,,,10000,JPY,scheduled,https://min-fx.jp/market/swap/,2026-09-27T10:20:54+09:00
minfx_light,TRY/JPY,2026-09-04,2026-09-07,1,23.3,-23.3,10000,JPY,confirmed,https://min-fx.jp/market/swap/,2026-09-27T10:20:54+09:00
minfx_light,TRY/JPY,2026-09-07,2026-09-08,1,23.3,-23.3,10000,JPY,confirmed,https://min-fx.jp/market/swap/,2026-09-27T10:20:54+09:00
minfx_light,TRY/JPY,2026-09-08,2026-09-09,1,23.3,-23.3,10000,JPY,confirmed,https://min-fx.jp/market/swap/,2026-09-27T10:20:54+09:00
minfx_light,TRY/JPY,2026-09-09,2026-09-10,3,69.9,-69.9,10000,JPY,confirmed,https://min-fx.jp/market/swap/,2026-09-27T10:20:54+09:00
minfx_light,TRY/JPY,2026-09-10,2026-09-11,1,23.3,-23.3,10000,JPY,confirmed,https://min-fx.jp/market/swap/,2026-09-27T10:20:54+09:00
minfx_light,TRY/JPY,2026-09-11,2026-09-14,1,23.3,-23.3,10000,JPY,confirmed,https://min-fx.jp/market/swap/,2026-09-27T10:20:54+09:00
minfx_light,TRY/JPY,2026-09-14,2026-09-15,1,23.3,-23.3,10000,JPY,confirmed,https://min-fx.jp/market/swap/,2026-09-27T10:20:54+09:00
minfx_light,TRY/JPY,2026-09-15,2026-09-16,1,23.3,-23.3,10000,JPY,confirmed,https://min-fx.jp/market/swap/,2026-09-27T10:20:54+09:00
minfx_light,TRY/JPY,2026-09-16,2026-09-17,6,139.8,-139.8,10000,JPY,confirmed,https://min-fx.jp/market/swap/,2026-09-27T10:20:54+09:00
minfx_light,TRY/JPY,2026-09-17,2026-09-18,1,24.3,-24.3,10000,JPY,confirmed,https://min-fx.jp/market/swap/,2026-09-27T10:20:54+09:00
minfx_light,TRY/JPY,2026-09-18,2026-09-21,0,,,10000,JPY,scheduled,https://min-fx.jp/market/swap/,2026-09-27T10:20:54+09:00
minfx_light,TRY/JPY,2026-09-21,2026-09-22,0,,,10000,JPY,scheduled,https://min-fx.jp/market/swap/,2026-09-27T10:20:54+09:00
minfx_light,TRY/JPY,2026-09-22,2026-09-23,0,,,10000,JPY,scheduled,https://min-fx.jp/market/swap/,2026-09-27T10:20:54+09:00
minfx_light,TRY/JPY,2026-09-23,2026-09-24,3,72.9,-72.9,10000,JPY,confirmed,https://min-fx.jp/market/swap/,2026-09-27T10:20:54+09:00
minfx_light,TRY/JPY,2026-09-24,2026-09-25,1,24.3,-24.3,10000,JPY,confirmed,https://min-fx.jp/market/swap/,2026-09-27T10:20:54+09:00
minfx_light,TRY/JPY,2026-09-25,2026-09-28,1,24.3,-24.3,10000,JPY,confirmed,https://min-fx.jp/market/swap/,2026-09-26T20:39:52+09:00
minfx_light,USD/JPY,2026-08-26,2026-08-27,3,351.0,-351.0,10000,JPY,confirmed,https://min-fx.jp/market/swap/,2026-09-26T23:25:12+09:00
minfx_light,USD/JPY,2026-08-27,2026-08-28,1,117.0,-117.0,10000,JPY,confirmed,https://min-fx.jp/market/swap/,2026-09-27T10:20:54+09:00
minfx_light,USD/JPY,2026-08-28,2026-08-31,1,117.0,-117.0,10000,JPY,confirmed,https://min-fx.jp/market/swap/,2026-09-27T10:20:54+09:00
minfx_light,USD/JPY,2026-08-31,2026-09-01,1,117.0,-117.0,10000,JPY,confirmed,https://min-fx.jp/market/swap/,2026-09-27T10:20:54+09:00
minfx_light,USD/JPY,2026-09-01,2026-09-02,1,117.0,-117.0,10000,JPY,confirmed,https://min-fx.jp/market/swap/,2026-09-27T10:20:54+09:00
minfx_light,USD/JPY,2026-09-02,2026-09-03,4,480.0,-480.0,10000,JPY,confirmed,https://min-fx.jp/market/swap/,2026-09-27T10:20:54+09:00
minfx_light,USD/JPY,2026-09-03,2026-09-04,0,,,10000,JPY,scheduled,https://min-fx.jp/market/swap/,2026-09-27T10:20:54+09:00
minfx_light,USD/JPY,2026-09-04,2026-09-07,1,115.0,-115.0,10000,JPY,confirmed,https://min-fx.jp/market/swap/,2026-09-27T10:20:54+09:00
minfx_light,USD/JPY,2026-09-07,2026-09-08,1,115.0,-115.0,10000,JPY,confirmed,https://min-fx.jp/market/swap/,2026-09-27T10:20:54+09:00
minfx_light,USD/JPY,2026-09-08,2026-09-09,1,111.0,-111.0,10000,JPY,confirmed,https://min-fx.jp/market/swap/,2026-09-27T10:20:54+09:00
minfx_light,USD/JPY,2026-09-09,2026-09-10,3,333.0,-333.0,10000,JPY,confirmed,https://min-fx.jp/market/swap/,2026-09-27T10:20:54+09:00
minfx_light,USD/JPY,2026-09-10,2026-09-11,1,111.0,-111.0,10000,JPY,confirmed,https://min-fx.jp/market/swap/,2026-09-27T10:20:54+09:00
minfx_light,USD/JPY,2026-09-11,2026-09-14,1,112.0,-112.0,10000,JPY,confirmed,https://min-fx.jp/market/swap/,2026-09-27T10:20:54+09:00
minfx_light,USD/JPY,2026-09-14,2026-09-15,1,112.0,-112.0,10000,JPY,confirmed,https://min-fx.jp/market/swap/,2026-09-27T10:20:54+09:00
minfx_light,USD/JPY,2026-09-15,2026-09-16,1,112.0,-112.0,10000,JPY,confirmed,https://min-fx.jp/market/swap/,2026-09-27T10:20:54+09:00
minfx_light,USD/JPY,2026-09-16,2026-09-17,6,660.0,-660.0,10000,JPY,confirmed,https://min-fx.jp/market/swap/,2026-09-27T10:20:54+09:00
minfx_light,USD/JPY,2026-09-17,2026-09-18,1,115.0,-115.0,10000,JPY,confirmed,https://min-fx.jp/market/swap/,2026-09-27T10:20:54+09:00
minfx_light,USD/JPY,2026-09-18,2026-09-21,0,,,10000,JPY,scheduled,https://min-fx.jp/market/swap/,2026-09-27T10:20:54+09:00
minfx_light,USD/JPY,2026-09-21,2026-09-22,0,,,10000,JPY,scheduled,https://min-fx.jp/market/swap/,2026-09-27T10:20:54+09:00
minfx_light,USD/JPY,2026-09-22,2026-09-23,0,,,10000,JPY,scheduled,https://min-fx.jp/market/swap/,2026-09-27T10:20:54+09:00
minfx_light,USD/JPY,2026-09-23,2026-09-24,3,345.0,-345.0,10000,JPY,confirmed,https://min-fx.jp/market/swap/,2026-09-27T10:20:54+09:00
minfx_light,USD/JPY,2026-09-24,2026-09-25,1,118.0,-118.0,10000,JPY,confirmed,https://min-fx.jp/market/swap/,2026-09-27T10:20:54+09:00
minfx_light,USD/JPY,2026-09-25,2026-09-28,1,118.0,-118.0,10000,JPY,confirmed,https://min-fx.jp/market/swap/,2026-09-26T20:39:52+09:00
minfx_light,ZAR/JPY,2026-08-26,2026-08-27,3,46.2,-46.2,10000,JPY,confirmed,https://min-fx.jp/market/swap/,2026-09-26T23:25:12+09:00
minfx_light,ZAR/JPY,2026-08-27,2026-08-28,1,15.4,-15.4,10000,JPY,confirmed,https://min-fx.jp/market/swap/,2026-09-27T10:20:54+09:00
minfx_light,ZAR/JPY,2026-08-28,2026-08-31,1,15.4,-15.4,10000,JPY,confirmed,https://min-fx.jp/market/swap/,2026-09-27T10:20:54+09:00
minfx_light,ZAR/JPY,2026-08-31,2026-09-01,1,15.4,-15.4,10000,JPY,confirmed,https://min-fx.jp/market/swap/,2026-09-27T10:20:54+09:00
minfx_light,ZAR/JPY,2026-09-01,2026-09-02,1,15.4,-15.4,10000,JPY,confirmed,https://min-fx.jp/market/swap/,2026-09-27T10:20:54+09:00
minfx_light,ZAR/JPY,2026-09-02,2026-09-03,4,61.6,-61.6,10000,JPY,confirmed,https://min-fx.jp/market/swap/,2026-09-27T10:20:54+09:00
minfx_light,ZAR/JPY,2026-09-03,2026-09-04,0,,,10000,JPY,scheduled,https://min-fx.jp/market/swap/,2026-09-27T10:20:54+09:00
minfx_light,ZAR/JPY,2026-09-04,2026-09-07,1,15.4,-15.4,10000,JPY,confirmed,https://min-fx.jp/market/swap/,2026-09-27T10:20:54+09:00
minfx_light,ZAR/JPY,2026-09-07,2026-09-08,1,15.1,-15.1,10000,JPY,confirmed,https://min-fx.jp/market/swap/,2026-09-27T10:20:54+09:00
minfx_light,ZAR/JPY,2026-09-08,2026-09-09,1,15.1,-15.1,10000,JPY,confirmed,https://min-fx.jp/market/swap/,2026-09-27T10:20:54+09:00
minfx_light,ZAR/JPY,2026-09-09,2026-09-10,3,45.3,-45.3,10000,JPY,confirmed,https://min-fx.jp/market/swap/,2026-09-27T10:20:54+09:00
minfx_light,ZAR/JPY,2026-09-10,2026-09-11,1,15.1,-15.1,10000,JPY,confirmed,https://min-fx.jp/market/swap/,2026-09-27T10:20:54+09:00
minfx_light,ZAR/JPY,2026-09-11,2026-09-14,1,15.1,-15.1,10000,JPY,confirmed,https://min-fx.jp/market/swap/,2026-09-27T10:20:54+09:00
minfx_light,ZAR/JPY,2026-09-14,2026-09-15,1,15.1,-15.1,10000,JPY,confirmed,https://min-fx.jp/market/swap/,2026-09-27T10:20:54+09:00
minfx_light,ZAR/JPY,2026-09-15,2026-09-16,1,15.1,-15.1,10000,JPY,confirmed,https://min-fx.jp/market/swap/,2026-09-27T10:20:54+09:00
minfx_light,ZAR/JPY,2026-09-16,2026-09-17,7,102.2,-102.2,10000,JPY,confirmed,https://min-fx.jp/market/swap/,2026-09-27T10:20:54+09:00
minfx_light,ZAR/JPY,2026-09-17,2026-09-18,0,,,10000,JPY,scheduled,https://min-fx.jp/market/swap/,2026-09-27T10:20:54+09:00
minfx_light,ZAR/JPY,2026-09-18,2026-09-21,0,,,10000,JPY,scheduled,https://min-fx.jp/market/swap/,2026-09-27T10:20:54+09:00
minfx_light,ZAR/JPY,2026-09-21,2026-09-22,0,,,10000,JPY,scheduled,https://min-fx.jp/market/swap/,2026-09-27T10:20:54+09:00
minfx_light,ZAR/JPY,2026-09-22,2026-09-23,3,43.8,-43.8,10000,JPY,confirmed,https://min-fx.jp/market/swap/,2026-09-27T10:20:54+09:00
minfx_light,ZAR/JPY,2026-09-23,2026-09-24,0,,,10000,JPY,scheduled,https://min-fx.jp/market/swap/,2026-09-27T10:20:54+09:00
minfx_light,ZAR/JPY,2026-09-24,2026-09-25,1,14.6,-14.6,10000,JPY,confirmed,https://min-fx.jp/market/swap/,2026-09-27T10:20:54+09:00
minfx_light,ZAR/JPY,2026-09-25,2026-09-28,1,14.6,-14.6,10000,JPY,confirmed,https://min-fx.jp/market/swap/,2026-09-26T20:39:52+09:00
